<?xml version="1.0" encoding="utf-8"?>
<manifest identifier="uRWPtqbTrggtU" xmlns="http://www.imsproject.org/xsd/imscp_rootv1p1p2" xmlns:adlcp="http://www.adlnet.org/xsd/adlcp_rootv1p2" xmlns:xsi="http://www.w3.org/2001/XMLSchema-instance" xmlns:lom="http://www.imsglobal.org/xsd/imsmd_rootv1p2p1" xsi:schemaLocation="http://www.imsproject.org/xsd/imscp_rootv1p1p2 imscp_rootv1p1p2.xsd http://www.imsglobal.org/xsd/imsmd_rootv1p2p1 imsmd_rootv1p2p1.xsd http://www.adlnet.org/xsd/adlcp_rootv1p2 adlcp_rootv1p2.xsd">
<metadata>
<schema>ADL SCORM</schema>
<schemaversion>1.2</schemaversion>
<lom:lom>
<lom:general>
<lom:title>
<lom:langstring>MIN RISKS &amp; MAX QUALITY OF LIFE_iSpringTest</lom:langstring>
</lom:title>
</lom:general>
<lom:educational>
<lom:typicallearningtime>
<lom:datetime>01:00:00</lom:datetime>
</lom:typicallearningtime>
</lom:educational>
</lom:lom>
</metadata>
<organizations default="min_risks_&amp;_max_quality_of_life_ispringtest_organization">
<organization identifier="min_risks_&amp;_max_quality_of_life_ispringtest_organization">
<title>MIN RISKS &amp; MAX QUALITY OF LIFE_iSpringTest</title>
<item identifier="E8FE6452-A7CF-4C15-BA12-13AAF3F9C881" identifierref="resource">
<title>MIN RISKS &amp; MAX QUALITY OF LIFE_iSpringTest</title>
</item>
</organization>
</organizations>
<resources>
<resource identifier="resource" type="webcontent" adlcp:scormtype="sco" href="res/index.html">
<file href="res/index.html"/>
<file href="res/lms.js"/>
<file href="res/attachments/Minimizing Medication Risks_student workbook (class 1)v2.pdf"/>
<file href="res/data/slide1.js"/>
<file href="res/data/slide1.css"/>
<file href="res/data/sound1.mp3"/>
<file href="res/data/slide2.js"/>
<file href="res/data/slide2.css"/>
<file href="res/data/slide3.js"/>
<file href="res/data/slide3.css"/>
<file href="res/data/slide4.js"/>
<file href="res/data/slide4.css"/>
<file href="res/data/slide5.js"/>
<file href="res/data/slide5.css"/>
<file href="res/data/slide6.js"/>
<file href="res/data/slide6.css"/>
<file href="res/data/slide7.js"/>
<file href="res/data/slide7.css"/>
<file href="res/data/slide8.js"/>
<file href="res/data/slide8.css"/>
<file href="res/data/slide9.js"/>
<file href="res/data/slide9.css"/>
<file href="res/data/slide10.js"/>
<file href="res/data/slide10.css"/>
<file href="res/data/intr1.js"/>
<file href="res/data/intr1/fonts/fnt0.woff"/>
<file href="res/data/intr1/fonts/fnt1.woff"/>
<file href="res/data/intr1/fonts/fnt2.woff"/>
<file href="res/data/intr1/images/interaction_bg_0.png"/>
<file href="res/data/slide12.js"/>
<file href="res/data/slide12.css"/>
<file href="res/data/intr2.js"/>
<file href="res/data/intr2/audios/snd-3c584aed4eed68eab176379c7b381741e13ee066.mp3"/>
<file href="res/data/intr2/audios/snd-51cf6ab9cac9343857c15bb0ffbdf413e82008b2.mp3"/>
<file href="res/data/intr2/audios/snd-5e1961137715c8f8ebb318b6bf211688bb7982f5.mp3"/>
<file href="res/data/intr2/audios/snd-b25b59f0c2c4ab27d19e5f4532988d13e2954a3b.mp3"/>
<file href="res/data/intr2/audios/snd-e12e68c049c882591d1528c494e330aaef01ddaa.mp3"/>
<file href="res/data/intr2/audios/snd-f51e14abb3d8890fe93468d5ef4ac2518f075988.mp3"/>
<file href="res/data/intr2/fonts/fnt0.woff"/>
<file href="res/data/intr2/fonts/fnt1.woff"/>
<file href="res/data/intr2/fonts/fnt2.woff"/>
<file href="res/data/intr2/fonts/fnt3.woff"/>
<file href="res/data/intr2/images/img-1267d1421c3c1d4044aa018779e2373f13d6dc87.jpg"/>
<file href="res/data/intr2/images/img-898aac1325b4b271b974fd0a9e3076d6051fd945.png"/>
<file href="res/data/intr2/images/img-8ae10f091379b0e8932c07c23305e03b753d70b2.jpg"/>
<file href="res/data/intr2/images/img-a8f3a87540840a7cc4695e3c838b7ff008425087.jpg"/>
<file href="res/data/intr2/images/img-d90454fc1daf1203fc456a6e8e276b39fc4a4a50.jpg"/>
<file href="res/data/intr2/images/img-dfa6239e12494c03cf7230841337a79be4224001.jpg"/>
<file href="res/data/intr2/images/interaction_bg_1.png"/>
<file href="res/data/intr3.js"/>
<file href="res/data/intr3/fonts/fnt0.woff"/>
<file href="res/data/intr3/fonts/fnt1.woff"/>
<file href="res/data/intr3/fonts/fnt2.woff"/>
<file href="res/data/intr3/images/interaction_bg_2.png"/>
<file href="res/data/intr4.js"/>
<file href="res/data/intr4/fonts/fnt0.woff"/>
<file href="res/data/intr4/fonts/fnt1.woff"/>
<file href="res/data/intr4/fonts/fnt2.woff"/>
<file href="res/data/intr4/images/interaction_bg_3.png"/>
<file href="res/data/quiz1.js"/>
<file href="res/data/quiz1/fonts/fnt0.woff"/>
<file href="res/data/quiz1/fonts/fnt1.woff"/>
<file href="res/data/quiz1/fonts/fnt2.woff"/>
<file href="res/data/quiz1/images/quiz_bg_0.png"/>
<file href="res/data/slide17.js"/>
<file href="res/data/slide17.css"/>
<file href="res/data/slide18.js"/>
<file href="res/data/slide18.css"/>
<file href="res/data/slide19.js"/>
<file href="res/data/slide19.css"/>
<file href="res/data/slide20.js"/>
<file href="res/data/slide20.css"/>
<file href="res/data/slide21.js"/>
<file href="res/data/slide21.css"/>
<file href="res/data/slide22.js"/>
<file href="res/data/slide22.css"/>
<file href="res/data/slide23.js"/>
<file href="res/data/slide23.css"/>
<file href="res/data/slide24.js"/>
<file href="res/data/slide24.css"/>
<file href="res/data/slide25.js"/>
<file href="res/data/slide25.css"/>
<file href="res/data/slide26.js"/>
<file href="res/data/slide26.css"/>
<file href="res/data/slide27.js"/>
<file href="res/data/slide27.css"/>
<file href="res/data/slide28.js"/>
<file href="res/data/slide28.css"/>
<file href="res/data/slide29.js"/>
<file href="res/data/slide29.css"/>
<file href="res/data/slide30.js"/>
<file href="res/data/slide30.css"/>
<file href="res/data/slide31.js"/>
<file href="res/data/slide31.css"/>
<file href="res/data/intr5.js"/>
<file href="res/data/intr5/fonts/fnt0.woff"/>
<file href="res/data/intr5/fonts/fnt1.woff"/>
<file href="res/data/intr5/fonts/fnt2.woff"/>
<file href="res/data/intr5/fonts/fnt3.woff"/>
<file href="res/data/intr5/images/img-45b08dbe102d99a0ac0b88f3628702b07adc8750.jpg"/>
<file href="res/data/intr5/images/img-60ac4e0c1f84042b7538d10c56a39ea900c660f9.jpg"/>
<file href="res/data/intr5/images/img-aac653ab5b91d75e5a7e2a3fcdee3dcab8a6cb33.png"/>
<file href="res/data/intr5/images/img-bdfc103f0c40f0250632bc8e3c3088bb0fbae83d.png"/>
<file href="res/data/intr5/images/interaction_bg_4.png"/>
<file href="res/data/slide33.js"/>
<file href="res/data/slide33.css"/>
<file href="res/data/slide34.js"/>
<file href="res/data/slide34.css"/>
<file href="res/data/intr6.js"/>
<file href="res/data/intr6/fonts/fnt0.woff"/>
<file href="res/data/intr6/fonts/fnt1.woff"/>
<file href="res/data/intr6/fonts/fnt2.woff"/>
<file href="res/data/intr6/fonts/fnt3.woff"/>
<file href="res/data/intr6/images/img-3766d0b62a4f7288dc7d2910f0129bcddd86fd9f.png"/>
<file href="res/data/intr6/images/img-60ac4e0c1f84042b7538d10c56a39ea900c660f9.jpg"/>
<file href="res/data/intr6/images/img-7f76a0d9383b14314e823e14ee0645fdaaa7b199.jpg"/>
<file href="res/data/intr6/images/img-8ae10f091379b0e8932c07c23305e03b753d70b2.jpg"/>
<file href="res/data/intr6/images/interaction_bg_5.png"/>
<file href="res/data/slide36.js"/>
<file href="res/data/slide36.css"/>
<file href="res/data/slide37.js"/>
<file href="res/data/slide37.css"/>
<file href="res/data/slide38.js"/>
<file href="res/data/slide38.css"/>
<file href="res/data/slide39.js"/>
<file href="res/data/slide39.css"/>
<file href="res/data/slide40.js"/>
<file href="res/data/slide40.css"/>
<file href="res/data/slide41.js"/>
<file href="res/data/slide41.css"/>
<file href="res/data/slide42.js"/>
<file href="res/data/slide42.css"/>
<file href="res/data/slide43.js"/>
<file href="res/data/slide43.css"/>
<file href="res/data/slide44.js"/>
<file href="res/data/slide44.css"/>
<file href="res/data/slide45.js"/>
<file href="res/data/slide45.css"/>
<file href="res/data/slide46.js"/>
<file href="res/data/slide46.css"/>
<file href="res/data/slide47.js"/>
<file href="res/data/slide47.css"/>
<file href="res/data/slide48.js"/>
<file href="res/data/slide48.css"/>
<file href="res/data/slide49.js"/>
<file href="res/data/slide49.css"/>
<file href="res/data/slide50.js"/>
<file href="res/data/slide50.css"/>
<file href="res/data/slide51.js"/>
<file href="res/data/slide51.css"/>
<file href="res/data/slide52.js"/>
<file href="res/data/slide52.css"/>
<file href="res/data/slide53.js"/>
<file href="res/data/slide53.css"/>
<file href="res/data/slide54.js"/>
<file href="res/data/slide54.css"/>
<file href="res/data/slide55.js"/>
<file href="res/data/slide55.css"/>
<file href="res/data/slide56.js"/>
<file href="res/data/slide56.css"/>
<file href="res/data/slide57.js"/>
<file href="res/data/slide57.css"/>
<file href="res/data/sound2.mp3"/>
<file href="res/data/sound3.mp3"/>
<file href="res/data/sound4.mp3"/>
<file href="res/data/sound5.mp3"/>
<file href="res/data/sound6.mp3"/>
<file href="res/data/sound7.mp3"/>
<file href="res/data/sound8.mp3"/>
<file href="res/data/sound9.mp3"/>
<file href="res/data/sound10.mp3"/>
<file href="res/data/sound11.mp3"/>
<file href="res/data/quizplayer.js"/>
<file href="res/data/intplayer1.js"/>
<file href="res/data/intplayer2.js"/>
<file href="res/data/intplayer3.js"/>
<file href="res/data/intplayer4.js"/>
<file href="res/data/intplayer5.js"/>
<file href="res/data/intplayer6.js"/>
<file href="res/index.html"/>
<file href="res/data/player.js"/>
<file href="res/data/eraser.cur"/>
<file href="res/data/highlighter.cur"/>
<file href="res/data/marker.cur"/>
<file href="res/data/lock.cur"/>
<file href="res/data/browsersupport.js"/>
<file href="res/data/apple-touch-icon.png"/>
<file href="res/data/favicon.ico"/>
<file href="res/data/fnt0.woff"/>
<file href="res/data/fnt1.woff"/>
<file href="res/data/fnt10.woff"/>
<file href="res/data/fnt11.woff"/>
<file href="res/data/fnt12.woff"/>
<file href="res/data/fnt2.woff"/>
<file href="res/data/fnt3.woff"/>
<file href="res/data/fnt4.woff"/>
<file href="res/data/fnt5.woff"/>
<file href="res/data/fnt6.woff"/>
<file href="res/data/fnt7.woff"/>
<file href="res/data/fnt8.woff"/>
<file href="res/data/fnt9.woff"/>
<file href="res/data/html5-unsupported.html"/>
<file href="res/data/html5.png"/>
<file href="res/data/img0.png"/>
<file href="res/data/img1.jpg"/>
<file href="res/data/img10.png"/>
<file href="res/data/img11.png"/>
<file href="res/data/img12.png"/>
<file href="res/data/img13.png"/>
<file href="res/data/img14.jpg"/>
<file href="res/data/img15.png"/>
<file href="res/data/img16.png"/>
<file href="res/data/img17.png"/>
<file href="res/data/img18.png"/>
<file href="res/data/img19.png"/>
<file href="res/data/img2.png"/>
<file href="res/data/img20.png"/>
<file href="res/data/img21.png"/>
<file href="res/data/img22.png"/>
<file href="res/data/img23.png"/>
<file href="res/data/img24.png"/>
<file href="res/data/img25.png"/>
<file href="res/data/img26.png"/>
<file href="res/data/img27.png"/>
<file href="res/data/img28.png"/>
<file href="res/data/img29.png"/>
<file href="res/data/img3.png"/>
<file href="res/data/img30.png"/>
<file href="res/data/img31.png"/>
<file href="res/data/img32.png"/>
<file href="res/data/img33.svg"/>
<file href="res/data/img34.png"/>
<file href="res/data/img35.png"/>
<file href="res/data/img36.png"/>
<file href="res/data/img37.png"/>
<file href="res/data/img38.png"/>
<file href="res/data/img39.png"/>
<file href="res/data/img4.png"/>
<file href="res/data/img40.png"/>
<file href="res/data/img41.png"/>
<file href="res/data/img42.png"/>
<file href="res/data/img43.png"/>
<file href="res/data/img44.png"/>
<file href="res/data/img45.png"/>
<file href="res/data/img46.png"/>
<file href="res/data/img47.png"/>
<file href="res/data/img48.png"/>
<file href="res/data/img49.png"/>
<file href="res/data/img5.png"/>
<file href="res/data/img50.png"/>
<file href="res/data/img51.png"/>
<file href="res/data/img52.png"/>
<file href="res/data/img53.png"/>
<file href="res/data/img54.png"/>
<file href="res/data/img55.png"/>
<file href="res/data/img56.jpg"/>
<file href="res/data/img6.png"/>
<file href="res/data/img7.svg"/>
<file href="res/data/img8.png"/>
<file href="res/data/img9.png"/>
<file href="res/data/interaction_bg_0.png"/>
<file href="res/data/interaction_bg_1.png"/>
<file href="res/data/interaction_bg_2.png"/>
<file href="res/data/interaction_bg_3.png"/>
<file href="res/data/interaction_bg_4.png"/>
<file href="res/data/interaction_bg_5.png"/>
<file href="res/data/quiz_bg_0.png"/>
</resource>
</resources>
</manifest>
